epoch,mse
1,0.12696566709108076
2,0.12592726844871266
3,0.12573022786005175
4,0.12594855478071695
5,0.12564981544105455
6,0.12578898075229666
7,0.1257742536658648
8,0.1256994346670905
9,0.12579127616322713
10,0.12571543779238234
11,0.12567710934385745
12,0.1256189806371393
13,0.12569724258413184
14,0.12562346004632935
15,0.12547116654143617
16,0.1254049207029568
17,0.12524124478619023
18,0.1255815221688787
19,0.12539455384024548
20,0.1253624661134181
21,0.12514253318715907
22,0.1252117387545496
23,0.12513457168691164
24,0.12509317593643177
25,0.12505611739720504
26,0.1249654135795439
27,0.12482312008646854
28,0.12413970571397623
29,0.12453750070373064
30,0.12472380642487847
31,0.12444421532292685
32,0.1240019189436777
33,0.12368932375598281
34,0.12398753520059172
35,0.12370924280449679
36,0.12341948063896144
37,0.1230171030846254
38,0.12156796953790074
39,0.1221933910111693
40,0.12224103647279433
41,0.1217047240744835
42,0.12108670923103558
43,0.1207635813090939
44,0.1199798222830687
45,0.1194273257950762
46,0.11847146011538001
47,0.11791080114835693
48,0.11691906461714467
49,0.11601652531763985
50,0.1147415716812462
51,0.11380776192302922
52,0.11261282313143775
53,0.11034648898592703
54,0.11024422665999872
55,0.10884134577697292
56,0.10714269571552992
57,0.10584102030359169
58,0.10446094753492756
59,0.10300115014875363
60,0.10158325809164205
61,0.10024815242453686
62,0.09864734290459813
63,0.0977147379250497
64,0.09646471872284944
65,0.09531353008351354
66,0.09418629419662837
67,0.09319557310217823
68,0.09228770248760271
69,0.0914056659151043
70,0.09054411083943793
71,0.08976993386645317
72,0.08908256906359993
73,0.08831682973074499
74,0.08766235548900611
75,0.08719969871724463
76,0.08664248507363707
77,0.08607761206070286
78,0.08560995840394836
79,0.08509123435558216
80,0.08459162828206075
81,0.08423119123094032
82,0.08382398866116487
83,0.08341404053979812
84,0.08302397054588548
85,0.0825890801213409
86,0.08221736992072766
87,0.08188660170957651
88,0.08147330429632019
89,0.08108139062793948
90,0.08071711701512839
91,0.08021617615367159
92,0.08000304785129175
93,0.07959837406644112
94,0.07918342449078342
95,0.07867440512177488
96,0.07830861000158337
97,0.0777783624546087
98,0.07736199435342125
99,0.07694452488313082
100,0.07651898224351575
101,0.0760038893120758
102,0.0754433032110799
103,0.07488316941339235
104,0.07432389441254457
105,0.07369555652559188
106,0.07307437901624012
107,0.072438235018473
108,0.07165150076503918
109,0.07103842138315909
110,0.07026697762106537
111,0.06948491785513078
112,0.06868403582526843
113,0.06760257453928059
114,0.0670058053173831
115,0.06592194277921967
116,0.06511439739899987
117,0.06408412341921181
118,0.06304347479697016
119,0.06194334435275482
120,0.06074101302593269
121,0.05934805385558293
122,0.05807171291294503
123,0.056455320745720405
124,0.05494433543799236
125,0.05317417538277679
126,0.05142278170154572
127,0.04946508578824355
128,0.04722304685164013
129,0.045612391374413475
130,0.043323684157325675
131,0.041285863602228294
132,0.03931104115513819
133,0.03729717288183494
134,0.03535578504323755
135,0.03344724643562327
136,0.03153898488879619
137,0.029890284735637665
138,0.028184588715399837
139,0.026439541197466505
140,0.025126679363029467
141,0.02373831077947818
142,0.022447486943530607
143,0.021176628948105118
144,0.020049889889070565
145,0.019032699300237155
146,0.018044241399635362
147,0.017106519102799048
148,0.01625938754161178
149,0.015455026198795189
150,0.014709723385708693
151,0.014026158762263824
152,0.013376964072928852
153,0.012761191442692882
154,0.012213126815814532
155,0.01170859879787461
156,0.01122186106006854
157,0.010756894726501464
158,0.01033641870839125
159,0.009932853644046523
160,0.00955584679216844
161,0.009202210775845458
162,0.008873060834968137
163,0.00855705910017199
164,0.00826429169415257
165,0.007979278672693563
166,0.007723121771786426
167,0.0074742417690856836
168,0.0072278164231385465
169,0.0070147811799285585
170,0.0067985833717834915
171,0.006600499527712151
172,0.006411293965269678
173,0.006230489872740679
174,0.006053782225538467
175,0.005887193560938429
176,0.005738087689340943
177,0.005589100509662951
178,0.005440574678216954
179,0.005306806815313844
180,0.005176902786691216
181,0.005052423697085596
182,0.00493256007051748
183,0.004814452057477167
184,0.004707193852277977
185,0.00460156687396281
186,0.004499647916995297
187,0.004400580860174493
188,0.0043072109263237335
189,0.004218099938064696
190,0.0041305165908551
191,0.004046883325528746
192,0.003965838251201014
193,0.003887424628164548
194,0.003812804988299003
195,0.0037397487546199384
196,0.00366995392748087
197,0.003601732532841343
198,0.0035360434026984397
199,0.003472640239584022
200,0.0034104565740030127
201,0.003351567866739778
202,0.0032946091309710296
203,0.003238430779454588
204,0.0031848075447598796
205,0.0031318829215413483
206,0.00308118218359122
207,0.003031563315450921
208,0.002983604017206976
209,0.0029369880025315247
210,0.0028913396417983407
211,0.0028475375185756883
212,0.002805019661903155
213,0.002763189529372169
214,0.0027230180564643968
215,0.0026835105689581797
216,0.002644969689638799
217,0.002607609725482579
218,0.002571277086092557
219,0.002535820684383648
220,0.0025012748886347803
221,0.0024674920837583604
222,0.0024346216812324074
223,0.0024025323906831705
224,0.0023712562748377432
225,0.0023402177465040096
226,0.0023108641071626773
227,0.002281748130454284
228,0.002253249637757222
229,0.0022250712370373857
230,0.0021980254038604444
231,0.002171561258726985
232,0.0021457209007081585
233,0.0021201900238838646
234,0.0020954744528608312
235,0.0020711657834261606
236,0.0020473604482574275
237,0.0020240823074915864
238,0.0020012501527280897
239,0.0019789088609656544
240,0.0019570716189504715
241,0.0019357065822857415
242,0.0019147347609675038
243,0.001893868994748948
244,0.0018740290567824283
245,0.0018542052540796658
246,0.0018348883030063234
247,0.0018159485305988452
248,0.0017972419846660793
249,0.0017790175980771919
250,0.0017611584633403902
251,0.0017434946388757099
252,0.0017263167721167396
253,0.0017092626906443703
254,0.0016926860177918408
255,0.0016763598948941777
256,0.001660307748666987
257,0.0016445091708252274
258,0.0016291239378907146
259,0.0016139303150360337
260,0.001599026739952123
261,0.0015842524611929239
262,0.0015698751723850352
263,0.0015557611463131256
264,0.0015417834924617824
265,0.0015280730416870484
266,0.0015146082764717819
267,0.0015013461401041954
268,0.0014883405010964368
269,0.0014753269109396634
270,0.0014628386173178914
271,0.0014504701957016551
272,0.0014382432692866853
273,0.0014262366695491988
274,0.0014143170940097425
275,0.001402740183553559
276,0.0013912623606797579
277,0.0013799291531486604
278,0.001368811793790162
279,0.0013578657330708124
280,0.0013470691583998165
281,0.0013364737164878089
282,0.0013259902214069442
283,0.001315699223291378
284,0.0013055218913508987
285,0.0012954875237965312
286,0.0012856354799175797
287,0.001275914311169107
288,0.0012662431806593451
289,0.001256837539281159
290,0.001247530724264109
291,0.001238283245633694
292,0.0012292473641653348
293,0.0012202859072654275
294,0.0012114985989708398
295,0.0012028154108623935
296,0.00119420782889464
297,0.001185754972022653
298,0.001177412550634243
299,0.0011691851023894891
300,0.0011610023939640612
301,0.0011530118794280519
302,0.001145103771216972
303,0.001137282699844068
304,0.0011295742815427216
305,0.0011219552004631962
306,0.0011144220617550998
307,0.0011070054102290303
308,0.0010996798879343579
309,0.0010924305544135922
310,0.001085293762448173
311,0.0010782299194509824
312,0.001071247438261204
313,0.0010643716856309686
314,0.0010575394621390754
315,0.0010508447249755624
316,0.0010441763022225438
317,0.0010376405871917536
318,0.0010311315321555395
319,0.0010247524956297457
320,0.0010184212933402955
321,0.0010121424120139322
322,0.0010059734944555519
323,0.0009998594570226553
324,0.0009937959073158783
325,0.000987854298644555
326,0.000981940923371138
327,0.000976105189574504
328,0.0009703388540629592
329,0.0009646244174893878
330,0.0009589495834671711
331,0.0009534072096499111
332,0.0009478648629123069
333,0.0009424276385902424
334,0.0009370252048769954
335,0.0009316845073206936
336,0.000926406447785244
337,0.0009211887482635509
338,0.0009160000709716857
339,0.0009109037986673753
340,0.0009057943523538113
341,0.0009008211749667494
342,0.0008958890108876321
343,0.0008909426347235113
344,0.0008861339559071835
345,0.0008813356192366526
346,0.0008765804787801152
347,0.0008718818770476971
348,0.0008672097242850003
349,0.0008626195468215141
350,0.0008580617815047852
351,0.0008535467680295493
352,0.0008490795439792679
353,0.0008446553642768436
354,0.0008402605412729163
355,0.000835936922639346
356,0.0008316343378432087
357,0.0008273899448943871
358,0.000823168776130009
359,0.000819006556210908
360,0.0008148656215355189
361,0.0008107881119440863
362,0.0008067344134449066
363,0.0008027111164146524
364,0.0007987504930905358
365,0.000794814596627283
366,0.0007909144101147726
367,0.0007870514610306943
368,0.0007832242164209567
369,0.0007794336980008989
370,0.0007756777554550671
371,0.0007719422059146386
372,0.000768244704460873
373,0.0007646064519736105
374,0.000760986173508822
375,0.0007574034407155223
376,0.0007538482923977583
377,0.0007503213430774389
378,0.0007468306427233689
379,0.0007433659512178428
380,0.0007399341089115879
381,0.000736536290123781
382,0.0007331655978701562
383,0.0007298242805895714
384,0.000726511619493936
385,0.0007232292248606665
386,0.0007199750094344966
387,0.0007167372260856153
388,0.0007135483465002973
389,0.0007103754055597179
390,0.0007072314975954351
391,0.0007041059934313126
392,0.000701021248573691
393,0.0006979407237876923
394,0.0006949120053052237
395,0.0006918966494000319
396,0.0006889082955565894
397,0.0006859430742719609
398,0.000683001256435454
399,0.000680085797201293
400,0.0006771944808383395
401,0.0006743199187644465
402,0.0006714763045228746
403,0.0006686552993810679
404,0.0006658540088682045
405,0.0006630742259864669
406,0.0006603196384602266
407,0.0006575842915589022
408,0.0006548724403981914
409,0.0006521844447400142
410,0.0006495149338782455
411,0.0006468656746058424
412,0.0006442383023847497
413,0.0006416292284326762
414,0.0006390452648108031
415,0.0006364780541295343
416,0.0006339290239744881
417,0.0006314025147218854
418,0.0006288947955919585
419,0.0006264041684943517
420,0.0006239350532876597
421,0.000621483363126088
422,0.0006190486372132493
423,0.0006166356909645285
424,0.0006142376335051428
425,0.0006118587222630196
426,0.0006094894484229228
427,0.0006071467833539977
428,0.0006048270200355963
429,0.0006025183915057203
430,0.0006002256927255837
431,0.0005979500031595064
432,0.0005956917460267603
433,0.0005934485476635493
434,0.00059121905798844
435,0.00058901008150928
436,0.0005868143183375963
437,0.0005846387138951638
438,0.0005824739376454185
439,0.0005803240555652718
440,0.0005781937073189771
441,0.0005760764337543766
442,0.0005739690497178161
443,0.0005718844730848783
444,0.0005698065616730237
445,0.0005677529413246135
446,0.0005657073907484106
447,0.0005636767669110388
448,0.0005616572720610382
449,0.0005596581806878649
450,0.0005576689224691432
451,0.0005556934787550425
452,0.0005537296459377492
453,0.000551781039799489
454,0.0005498466494998697
455,0.0005479231595973748
456,0.0005460160817373518
457,0.0005441182025954781
458,0.000542234401892843
459,0.0005403633875329819
460,0.0005385035180296833
461,0.0005366552927666608
462,0.0005348244185708978
463,0.0005329968444245591
464,0.0005311911634736378
465,0.0005293929055248335
466,0.0005276046473906623
467,0.0005258299659343582
468,0.0005240668932113704
469,0.0005223140067324901
470,0.0005205728370280171
471,0.0005188366299461648
472,0.000517120548164818
473,0.0005154164435779449
474,0.000513717857006967
475,0.0005120325950047584
476,0.0005103566792050492
477,0.0005086918432499277
478,0.000507037516875203
479,0.0005053928509407428
480,0.0005037592388270299
481,0.0005021307280886943
482,0.0005005214532353208
483,0.000498916669404282
484,0.000497319961471691
485,0.0004957379643285483
486,0.0004941649941009916
487,0.0004926002434492662
488,0.000491043850590744
489,0.000489499688336764
490,0.0004879623314407033
491,0.0004864350724336848
492,0.00048491831054022817
493,0.0004834079995444001
494,0.0004819015684697062
495,0.00048041438918317215
496,0.00047893685017795474
497,0.00047746344876779286
498,0.00047600091900031234
499,0.000474544860389733
500,0.0004730965996656576
501,0.00047165694810756504
502,0.00047022853215765214
503,0.0004688075422465924
504,0.000467392906547805
505,0.00046598701008127794
506,0.0004645921176635884
507,0.0004632036689634302
508,0.0004618185074398141
509,0.00046044830295752644
510,0.00045908413481662413
511,0.0004577271720904318
512,0.0004563747683690611
513,0.0004550348836155472
514,0.00045370038856741546
515,0.0004523745959038832
516,0.0004510543085875741
517,0.000449743636250394
518,0.00044843850900117585
519,0.0004471423170018109
520,0.00044585206658317224
521,0.00044456837393071913
522,0.00044329388559777424
523,0.00044202469076986596
524,0.0004407636690916518
525,0.0004395079426836093
526,0.0004382609274097522
527,0.00043701778192107075
528,0.00043578641201644886
529,0.0004345594910473707
530,0.00043333808889486924
531,0.0004321238849914382
532,0.00043091677761045307
533,0.00042971629397975435
534,0.0004285211555630884
535,0.0004273332606986942
536,0.0004261512871505619
537,0.00042497670076009614
538,0.0004238071688173097
539,0.0004226427876539844
540,0.00042148684463601515
541,0.0004203364516318684
542,0.0004191910605049659
543,0.00041805407336386815
544,0.00041692124846452657
545,0.0004157907168165137
546,0.00041467302261543937
547,0.00041355889348695403
548,0.0004124496189733469
549,0.0004113467776592702
550,0.0004102477377966959
551,0.0004091513366894157
552,0.00040807060288586137
553,0.00040698978034766535
554,0.0004059135140900114
555,0.0004048445445168692
556,0.0004037801730800746
557,0.0004027215143539914
558,0.0004016676245306067
559,0.0004006193965129137
560,0.0003995756725029427
561,0.00039853846584370707
562,0.0003975065572582176
563,0.0003964786202670177
564,0.0003954571972191364
565,0.00039443974600890597
566,0.0003934278621211444
567,0.00039242027211717497
568,0.000391418936348276
569,0.00039042067867643676
570,0.0003894288569236794
571,0.0003884423907586497
572,0.00038746014176631007
573,0.0003864815725505662
574,0.0003855094946808859
575,0.00038454045240503564
576,0.0003835777063355122
577,0.0003826189643551591
578,0.0003816648476339546
579,0.00038071526362650664
580,0.0003797690426561102
581,0.0003788290128122788
582,0.0003778942097939172
583,0.0003769627583546379
584,0.0003760356733504271
585,0.0003751119508973411
586,0.0003741955220784988
587,0.00037328170518977885
588,0.0003723717939413766
589,0.000371466808842983
590,0.00037056601984395375
591,0.0003696692632337903
592,0.00036877635857329196
593,0.00036788813650378394
594,0.00036700403301059804
595,0.00036612417806419984
596,0.0003652480353474387
597,0.0003643752918045924
598,0.0003635076684236821
599,0.000362643713862472
600,0.00036178310959825545
601,0.0003609279914104394
602,0.00036007590750313813
603,0.0003592282160149549
604,0.00035838324513499286
605,0.00035754304855659385
606,0.0003567038170830142
607,0.00035587307523323857
608,0.0003550445295479865
609,0.000354219374525991
610,0.0003533976746502035
611,0.00035257993213346726
612,0.00035176419167603124
613,0.00035095415767333603
614,0.00035014756085638204
615,0.0003493446540156943
616,0.00034854483720146717
617,0.0003477486623036577
618,0.000346955726717284
619,0.00034616608218638646
620,0.00034538090365383807
621,0.00034459777456645187
622,0.0003438196042034148
623,0.00034304412483620185
624,0.0003422719943166553
625,0.0003415032538903135
626,0.00034073787470547084
627,0.00033997577144273463
628,0.0003392170209629355
629,0.0003384611486266149
630,0.0003377091955186713
631,0.00033696027333519657
632,0.0003362145959165824
633,0.0003354715653997393
634,0.00033473295189201814
635,0.0003339965793595884
636,0.0003332633324316081
637,0.00033253330198978516
638,0.00033180700632883913
639,0.00033108286216346466
640,0.0003303618507885972
641,0.0003296446497216444
642,0.00032893011401179833
643,0.00032821852941073397
644,0.0003275098575666494
645,0.00032680407480002266
646,0.00032610093438043
647,0.00032540144600802837
648,0.00032470461154278455
649,0.0003240107469035914
650,0.0003233196999148137
651,0.0003226313810463759
652,0.00032194596345289534
653,0.00032126347226627103
654,0.00032058273585321677
655,0.00031990595373637616
656,0.00031923248420348104
657,0.00031856094935273977
658,0.0003178920136199575
659,0.0003172263281031143
660,0.00031656300303337895
661,0.0003159022004069783
662,0.0003152431381730751
663,0.0003145886937281701
664,0.00031393668292243145
665,0.00031328665262886585
666,0.00031263913660020253
667,0.0003119940974669798
668,0.00031135193667277365
669,0.000310712551846896
670,0.0003100743984707338
671,0.0003094408378376017
672,0.00030880816142194573
673,0.0003081794875613472
674,0.0003075522498282355
675,0.0003069277949996365
676,0.0003063053197554637
677,0.00030568610083892494
678,0.00030506854767386446
679,0.00030445376629556817
680,0.00030384161426621456
681,0.0003032307993549614
682,0.0003026225021586242
683,0.0003020175689362329
684,0.0003014147761868219
685,0.00030081532779649775
686,0.0003002168236386454
687,0.0002996208212287554
688,0.00029902749042200855
689,0.00029843612441631456
690,0.0002978467432145837
691,0.0002972601278915743
692,0.00029667522214387056
693,0.00029609330152008997
694,0.00029551307489142863
695,0.00029493478914246655
696,0.00029435951598967276
697,0.0002937860231942184
698,0.00029321460223376267
699,0.00029264533635338705
700,0.00029207840715777075
701,0.00029151343039064546
702,0.00029095016697863626
703,0.00029038997085172665
704,0.00028983133018630874
705,0.00028927472086146195
706,0.0002887203318920799
707,0.00028816793692224127
708,0.0002876174295794345
709,0.0002870693935824854
710,0.00028652316176371175
711,0.00028597841423586516
712,0.0002854366956014958
713,0.00028489647762571055
714,0.0002843575103010779
715,0.0002838218081978735
716,0.0002832873982254811
717,0.0002827552353934256
718,0.0002822249637037801
719,0.00028169618469510904
720,0.00028116982025720987
721,0.0002806447058144915
722,0.00028012232311671307
723,0.00027960157253684956
724,0.0002790823549625271
725,0.000278565634964282
726,0.0002780504924789611
727,0.0002775369979961408
728,0.00027702563529760334
729,0.00027651536526132294
730,0.00027600795656932976
731,0.00027550187416419154
732,0.0002749976026994217
733,0.0002744952902747767
734,0.0002739945837807864
735,0.0002734955000095429
736,0.00027299719740381717
737,0.0002725032012602053
738,0.0002720081485853975
739,0.0002715176601622226
740,0.00027102716564099736
741,0.00027053898856494856
742,0.00027005167213249527
743,0.00026956713140467297
744,0.00026908385841699925
745,0.00026860232510101447
746,0.00026812233634092183
747,0.0002676440928763572
748,0.0002671673678631275
749,0.00026669246420251824
750,0.00026621871551206976
751,0.0002657472574505054
752,0.0002652772623436424
753,0.00026480824624193575
754,0.00026434182035638294
755,0.0002638758668119693
756,0.00026341296063926565
757,0.0002629508403249485
758,0.0002624899177951215
759,0.0002620314774589848
760,0.00026157397152254543
761,0.00026111783850656903
762,0.0002606635412932677
763,0.0002602111495176905
764,0.0002597597054251554
765,0.00025931007763447796
766,0.0002588617901065146
767,0.00025841544701438906
768,0.00025797009653176327
769,0.0002575265289540126
770,0.0002570844147086991
771,0.0002566433177941572
772,0.0002562044797804374
773,0.00025576663762528156
774,0.00025533041336889034
775,0.0002548954570592737
776,0.0002544619669311167
777,0.00025402991767940774
778,0.00025359936160834843
779,0.000253170311851636
780,0.00025274243524063225
781,0.0002523162356718054
782,0.0002518909647963582
783,0.00025146767041347886
784,0.0002510455983528398
785,0.0002506246975321052
786,0.00025020535548652935
787,0.000249787284539352
788,0.0002493706284485545
789,0.00024895532346364777
790,0.0002485411011803687
791,0.0002481285880638612
792,0.0002477172775399478
793,0.0002473071420458198
794,0.00024689871889499427
795,0.000246490834568523
796,0.0002460850266733383
797,0.000245680567302166
798,0.00024527697820133114
799,0.00024487495307740347
800,0.0002444740993256829
801,0.000244074411071483
802,0.00024367621424856587
803,0.0002432790347047556
804,0.00024288328442169407
805,0.00024248879188005625
806,0.00024209550333982474
807,0.00024170324415348824
808,0.00024131256331090095
809,0.00024092301953510702
810,0.00024053461299200051
811,0.00024014747496555638
812,0.0002397615244586439
813,0.00023937683423325406
814,0.00023899328735252405
815,0.00023861076110612032
816,0.0002382299020436198
817,0.00023784978803869137
818,0.00023747106514491922
819,0.00023709330885163978
820,0.00023671720440767387
821,0.0002363418807629975
822,0.00023596744405741618
823,0.00023559459615737945
824,0.00023522293251712604
825,0.0002348520728977116
826,0.00023448269519134646
827,0.0002341145136762318
828,0.00023374723693413146
829,0.00023338102544844395
830,0.0002330160334016427
831,0.00023265217490365926
832,0.00023228923700597845
833,0.00023192768398815693
834,0.00023156703804264088
835,0.00023120702446267674
836,0.00023084915663667977
837,0.0002304917435416468
838,0.00023013558222182944
839,0.00022978034208511426
840,0.0002294261656528666
841,0.00022907319517154927
842,0.00022872078754350967
843,0.00022837019265986805
844,0.00022802012209985491
845,0.00022767137549806486
846,0.00022732362305958597
847,0.00022697681368012522
848,0.00022663099903708233
849,0.0002262864522507457
850,0.00022594273909192552
851,0.00022560005909190618
852,0.00022525832567435697
853,0.00022491774244887046
854,0.00022457804305833448
855,0.00022423932628826666
856,0.0002239017037531912
857,0.00022356508323195828
858,0.00022322932994862403
859,0.0002228946945085723
860,0.00022256094582760491
861,0.00022222819148347967
862,0.00022189638522147857
863,0.00022156538732122827
864,0.00022123573040357602
865,0.00022090681194898888
866,0.00022057884040741724
867,0.00022025176725813648
868,0.000219925857165098
869,0.00021960071473713363
870,0.00021927627362497494
871,0.00021895313592624303
872,0.00021863071953493384
873,0.00021830964260927474
874,0.000217989152219931
875,0.0002176695190980902
876,0.00021735100987007995
877,0.00021703273612775067
878,0.00021671621569371315
879,0.0002164005291869792
880,0.00021608549763017706
881,0.00021577109083194122
882,0.00021545812405454886
883,0.00021514575278651357
884,0.00021483405584917038
885,0.00021452376262961643
886,0.00021421404807198864
887,0.0002139051717393563
888,0.00021359714341788263
889,0.0002132900341791521
890,0.0002129838607905344
891,0.0002126784597473491
892,0.0002123739201663514
893,0.0002120702503707391
894,0.00021176731716252153
895,0.0002114654088608788
896,0.0002111642393704994
897,0.00021086393115368494
898,0.0002105643995900246
899,0.0002102657156303328
900,0.00020996790704085524
901,0.00020967057645933905
902,0.0002093747450166364
903,0.00020907927162651822
904,0.0002087845840707771
905,0.00020849099168252422
906,0.0002081980346245174
907,0.00020790564519321668
908,0.00020761462026768239
909,0.0002073240623013966
910,0.00020703432810842843
911,0.00020674530261541709
912,0.00020645705529313707
913,0.00020616979524264116
914,0.0002058826123037272
915,0.0002055973100217812
916,0.00020531225261449717
917,0.00020502781853099902
918,0.00020474441508830602
919,0.00020446170105559467
920,0.0002041796575772549
921,0.00020389826675279324
922,0.00020361790547514228
923,0.00020333820615276162
924,0.00020305927889717348
925,0.0002027809832829833
926,0.0002025035387237069
927,0.0002022265643590341
928,0.00020195065859005082
929,0.00020167551875725225
930,0.00020140096995145858
931,0.00020112714877915027
932,0.00020085397577757628
933,0.00020058167056580777
934,0.00020030997925294777
935,0.00020003905950776962
936,0.00019976891635380587
937,0.00019949942242716024
938,0.00019923044320679836
939,0.00019896252680191878
940,0.00019869495818562903
941,0.00019842845877093734
942,0.00019816250805640027
943,0.0001978972111564971
944,0.00019763262428220034
945,0.00019736870300663035
946,0.00019710544175125414
947,0.00019684290922888223
948,0.00019658090010972974
949,0.00019631985282496736
950,0.00019605939065388283
951,0.00019579959620608415
952,0.00019554049177492516
953,0.00019528204708428975
954,0.00019502418315013877
955,0.00019476706837087053
956,0.00019451059177458442
957,0.0001942547728320643
958,0.00019399959550851577
959,0.00019374509686598878
960,0.00019349117164032113
961,0.00019323791746023896
962,0.00019298545731503795
963,0.00019273345126841177
964,0.00019248207073085523
965,0.00019223157310183496
966,0.0001919814501363837
967,0.00019173227867040241
968,0.00019148344110049906
969,0.00019123535671721704
970,0.00019098796627153866
971,0.00019074078173836253
972,0.000190494752676317
973,0.00019024915407375617
974,0.00019000404137735528
975,0.00018975991398169803
976,0.00018951606214730643
977,0.00018927298107391562
978,0.00018903019141053515
979,0.00018878854951561683
980,0.00018854710549366118
981,0.0001883064425867702
982,0.00018806627653011638
983,0.00018782678145485307
984,0.00018758784142617157
985,0.00018734939941824415
986,0.0001871117690517949
987,0.00018687458759487506
988,0.00018663805719589595
989,0.00018640205940041794
990,0.00018616653348232286
991,0.00018593185095117554
992,0.00018569756809431784
993,0.00018546359899807816
994,0.0001852308447787997
995,0.00018499830207448152
996,0.00018476636017207194
997,0.00018453497836821747
998,0.00018430417210790355
999,0.00018407382340914792
1000,0.00018384419334843306
1001,0.00018361496577610527
1002,0.00018338617486251665
1003,0.00018315824924892485
1004,0.00018293093606267067
1005,0.000182704003897134
1006,0.00018247770016083662
1007,0.00018225189230946617
1008,0.00018202663967161145
1009,0.00018180192495792502
1010,0.00018157745021882117
1011,0.0001813540147956227
1012,0.00018113098592629297
1013,0.00018090831579567514
1014,0.00018068637360017594
1015,0.00018046486242244503
1016,0.0001802438710028652
1017,0.00018002343143648996
1018,0.00017980345715069127
1019,0.000179584080364618
1020,0.0001793652119950931
1021,0.0001791468885711496
1022,0.00017892904251716685
1023,0.00017871169907575824
1024,0.00017849490027313047
1025,0.0001782786183379582
1026,0.00017806291154407182
1027,0.00017784758524391935
1028,0.00017763284999893183
1029,0.00017741862957096731
1030,0.00017720486631860505
1031,0.00017699160440223127
1032,0.0001767789016242571
1033,0.0001765666328900431
1034,0.00017635491973805027
1035,0.00017614359236059905
1036,0.00017593282678249973
1037,0.0001757222317739582
1038,0.00017551291505589738
1039,0.00017530358759068525
1040,0.00017509480542063092
1041,0.0001748864948182344
1042,0.0001746787036857978
1043,0.00017447113278416443
1044,0.00017426449682334417
1045,0.00017405806534707318
1046,0.00017385218650108817
1047,0.00017364681136962864
1048,0.00017344178219248416
1049,0.0001732372995688575
1050,0.00017303336499540736
1051,0.00017282978655717545
1052,0.00017262673076878763
1053,0.0001724240871301478
1054,0.00017222199442213664
1055,0.0001720203314956584
1056,0.00017181910909439178
1057,0.00017161835807822477
1058,0.00017141803765980936
1059,0.00017121821502841838
1060,0.00017101885287147355
1061,0.00017081993152855235
1062,0.0001706213870270846
1063,0.00017042339188209766
1064,0.00017022583954175193
1065,0.00017002869549215502
1066,0.0001698320054773371
1067,0.00016963579394208562
1068,0.00016943993869335144
1069,0.00016924464841031482
1070,0.00016904971932914882
1071,0.00016885511017148747
1072,0.00016866104136657124
1073,0.0001684675121998571
1074,0.0001682744480299928
1075,0.00016808172055338616
1076,0.00016788938530311472
1077,0.00016769738560022448
1078,0.00016750610280372752
1079,0.00016731505173852361
1080,0.00016712442688670968
1081,0.00016693425079793793
1082,0.00016674449824889353
1083,0.0001665552092151395
1084,0.0001663663260178602
1085,0.0001661778605115307
1086,0.00016598979966034436
1087,0.0001658021612927299
1088,0.00016561491560540675
1089,0.0001654280736435865
1090,0.0001652416740696684
1091,0.0001650556833758674
1092,0.00016487008810301762
1093,0.00016468490545030307
1094,0.00016450007846748277
1095,0.00016431570759402054
1096,0.00016413171135815855
1097,0.0001639482342689233
1098,0.00016376502436461494
1099,0.00016358227982543816
1100,0.00016339988391549472
1101,0.00016321797566454935
1102,0.0001630363888697272
1103,0.00016285520845032162
1104,0.00016267435538725174
1105,0.00016249406814898687
1106,0.00016231398627734284
1107,0.00016213446335461951
1108,0.0001619552189961274
1109,0.0001617764129129524
1110,0.00016159793606105075
1111,0.0001614199090804498
1112,0.00016124209559991416
1113,0.00016106493283268362
1114,0.00016088799960286773
1115,0.0001607114714786229
1116,0.00016053529525337587
1117,0.00016035955538073318
1118,0.0001601841664349519
1119,0.0001600091048544232
1120,0.00015983442626443304
1121,0.00015966015670094408
1122,0.00015948628891530834
1123,0.00015931270856256728
1124,0.00015913958217489985
1125,0.00015896678537655082
1126,0.00015879431027848636
1127,0.0001586222425461449
1128,0.0001584505707615857
1129,0.00015827906246164438
1130,0.00015810823764688387
1131,0.00015793762292712772
1132,0.00015776726317111889
1133,0.00015759751197378424
1134,0.00015742797076074232
1135,0.00015725865902993237
1136,0.00015708996225697545
1137,0.00015692140669384613
1138,0.00015675335254877244
1139,0.00015658560555624075
1140,0.00015641818893370935
1141,0.00015625111447822393
1142,0.00015608442531396424
1143,0.00015591795175398562
1144,0.00015575199626324392
1145,0.00015558634243020814
1146,0.00015542102326440954
1147,0.00015525603899917048
1148,0.00015509138614306202
1149,0.0001549270793370966
1150,0.00015476312868127826
1151,0.00015459946268428073
1152,0.00015443623113721718
1153,0.00015427328645102533
1154,0.0001541106610886584
1155,0.00015394830026517058
1156,0.00015378642641827547
1157,0.0001536248241979245
1158,0.0001534635310753198
1159,0.00015330255165549328
1160,0.00015314201786115463
1161,0.0001529816803701832
1162,0.00015282168694730737
1163,0.00015266213126729727
1164,0.000152502840895644
1165,0.0001523438595103035
1166,0.00015218512927740215
1167,0.0001520268531333776
1168,0.0001518688631716386
1169,0.00015171117296992976
1170,0.00015155379611461872
1171,0.00015139672010619636
1172,0.0001512400343815301
1173,0.00015108363865375896
1174,0.00015092750273627237
1175,0.00015077174477612173
1176,0.00015061629580666083
1177,0.00015046111382486003
1178,0.0001503063107112271
1179,0.00015015178260857162
1180,0.0001499975674324584
1181,0.00014984360903344592
1182,0.00014968995662549846
1183,0.00014953675128680398
1184,0.00014938372372687647
1185,0.0001492311095508034
1186,0.00014907873669981107
1187,0.00014892664263436477
1188,0.00014877490338712152
1189,0.00014862341455700425
1190,0.00014847230835738726
1191,0.00014832142996551673
1192,0.00014817087276440817
1193,0.00014802060215854564
1194,0.00014787061454004248
1195,0.00014772098394092264
1196,0.00014757165429964494
1197,0.00014742257655110915
1198,0.00014727378938629774
1199,0.0001471253405372426
1200,0.00014697714531221255
1201,0.00014682921627111114
1202,0.00014668156751540063
1203,0.0001465343126462508
1204,0.00014638729577828407
1205,0.00014624054840576406
1206,0.0001460941100270017
1207,0.00014594791617654674
1208,0.00014580209215533184
1209,0.00014565649824506205
1210,0.0001455111673893241
1211,0.000145366160492144
1212,0.00014522141738515016
1213,0.0001450769535984253
1214,0.00014493274787034667
1215,0.00014478888414528484
1216,0.0001446452916329844
1217,0.0001445019131989983
1218,0.00014435889295562289
1219,0.00014421610442655024
1220,0.0001440736004425575
1221,0.000143931387875887
1222,0.0001437894278144163
1223,0.0001436475306365638
1224,0.00014350634128596951
1225,0.00014336520260634813
1226,0.00014322433223718515
1227,0.00014308375253872075
1228,0.0001429434019600164
1229,0.00014280338759177608
1230,0.00014266357235381708
1231,0.00014252408527046776
1232,0.00014238469044046612
1233,0.00014224583265994893
1234,0.00014210712025016439
1235,0.00014196863220851562
1236,0.00014183049732920198
1237,0.0001416925734865513
1238,0.00014155487066069998
1239,0.00014141747932991587
1240,0.00014128035387468002
1241,0.0001411434934972665
1242,0.0001410068678975187
1243,0.00014087051684035092
1244,0.00014073430345605328
1245,0.00014059847591131554
1246,0.0001404629587604007
1247,0.00014032762540853023
1248,0.00014019256801920524
1249,0.0001400577152516834
1250,0.00013992312315366863
1251,0.00013978886781867248
1252,0.0001396548085316193
1253,0.00013952091120483998
1254,0.0001393874425579129
1255,0.0001392541297057202
1256,0.00013912102364893378
1257,0.00013898824219389847
1258,0.0001388556708835898
1259,0.00013872338585192855
1260,0.0001385913137412245
1261,0.00013845947360709154
1262,0.0001383279203762252
1263,0.00013819657856528996
1264,0.00013806547445840585
1265,0.00013793464952296524
1266,0.0001378039893677002
1267,0.0001376736962361398
1268,0.0001375435833059745
1269,0.00013741370036517267
1270,0.00013728406773644538
1271,0.00013715459661836003
1272,0.00013702551195309806
1273,0.0001368965950897609
1274,0.00013676791013021367
1275,0.0001366394501199455
1276,0.00013651120656070002
1277,0.00013638329522650076
1278,0.00013625555788671326
1279,0.0001361280233303031
1280,0.00013600076497006784
1281,0.00013587372277577416
1282,0.00013574693997982093
1283,0.00013562035846468942
1284,0.0001354939747585559
1285,0.00013536788078846298
1286,0.00013524201063118
1287,0.00013511635020509971
1288,0.00013499092616031853
1289,0.00013486574431240402
1290,0.00013474076411715462
1291,0.00013461604158227614
1292,0.00013449152190056629
1293,0.0001343672339095663
1294,0.00013424315794919312
1295,0.00013411931456071727
1296,0.00013399566427380578
1297,0.00013387229294180525
1298,0.00013374916006746325
1299,0.00013362619931123304
1300,0.00013350348321168265
1301,0.0001333809799967722
1302,0.00013325868852240205
1303,0.000133136622083244
1304,0.00013301478048140413
1305,0.00013289314461122832
1306,0.0001327717284362768
1307,0.00013265054534953446
1308,0.0001325295456359902
1309,0.00013240873451933556
1310,0.0001322882250847898
1311,0.0001321678948536932
1312,0.00013204778745405513
1313,0.0001319278872187283
1314,0.00013180814116909884
1315,0.00013168873507252165
1316,0.00013156947651833635
1317,0.0001314504167883011
1318,0.0001313315799727463
1319,0.0001312129411801661
1320,0.00013109452900227114
1321,0.00013097631635886238
1322,0.00013085829733050364
1323,0.00013074050449158765
1324,0.00013062291196809384
1325,0.00013050553695556462
1326,0.00013038837062523268
1327,0.00013027139771427381
1328,0.0001301546574566235
1329,0.00013003809948659847
1330,0.0001299217404306596
1331,0.00012980560088417017
1332,0.00012968963029014988
1333,0.0001295739069857765
1334,0.00012945836954893122
1335,0.00012934304055786487
1336,0.00012922790235301887
1337,0.0001291128953170317
1338,0.00012899822892125209
1339,0.00012888356135307995
1340,0.00012876934418222538
1341,0.00012865522408582084
1342,0.00012854124943856488
1343,0.00012842753647244936
1344,0.00012831400248392217
1345,0.0001282004805831593
1346,0.0001280875012074144
1347,0.00012797454442038686
1348,0.00012786178985647724
1349,0.00012774921307456534
1350,0.00012763684397468764
1351,0.00012752465863160144
1352,0.00012741268746663156
1353,0.0001273008871327723
1354,0.00012718930000691107
1355,0.000127077884760728
1356,0.0001269666359923655
1357,0.00012685564326863917
1358,0.0001267448175656014
1359,0.00012663417094828402
1360,0.00012652371405079434
1361,0.0001264134469695653
1362,0.00012630334486944434
1363,0.0001261934738086269
1364,0.00012608375308400366
1365,0.00012597414485040519
1366,0.00012586490944900935
1367,0.0001257557171733317
1368,0.00012564680212931057
1369,0.00012553804460488084
1370,0.0001254294563974551
1371,0.00012532100682481278
1372,0.00012521282491077397
1373,0.00012510478953484659
1374,0.00012499689625105088
1375,0.00012488918988231396
1376,0.00012478175045229674
1377,0.00012467442587896845
1378,0.00012456732641023802
1379,0.0001244603761295975
1380,0.0001243535929686575
1381,0.00012424700752236716
1382,0.0001241405796884766
1383,0.00012403436476242607
1384,0.000123928202618686
1385,0.00012382244486770316
1386,0.00012371673022527774
1387,0.0001236111251937795
1388,0.00012350586433185274
1389,0.00012340070207066266
1390,0.00012329570355037233
1391,0.00012319084990651454
1392,0.00012308622628393143
1393,0.0001229817269373012
1394,0.00012287742452836385
1395,0.00012277336272050078
1396,0.00012266940611743325
1397,0.0001225656210971202
1398,0.00012246202249657052
1399,0.00012235858231524432
1400,0.0001222553256804736
1401,0.00012215223212537222
1402,0.00012204929399268126
1403,0.00012194651992663656
1404,0.00012184397681023078
1405,0.00012174157255505975
1406,0.00012163927993275153
1407,0.00012153725478542918
1408,0.00012143534520868262
1409,0.0001213336047749636
1410,0.00012123203108846036
1411,0.00012113054244794764
1412,0.00012102938247074034
1413,0.00012092831042056494
1414,0.00012082738469135234
1415,0.00012072662648698057
1416,0.0001206260795845951
1417,0.00012052566338613146
1418,0.00012042540850340944
1419,0.00012032531541093348
1420,0.0001202253744037445
1421,0.00012012564299581141
1422,0.00012002598927524263
1423,0.0001199265801582729
1424,0.00011982730776130752
1425,0.00011972820688477982
1426,0.00011962919530861554
1427,0.00011953044696730184
1428,0.00011943182739467228
1429,0.00011933335049034896
1430,0.00011923504641742076
1431,0.00011913687672215014
1432,0.00011903888321256338
1433,0.00011894105035120278
1434,0.0001188433647746063
1435,0.00011874584157805874
1436,0.0001186484808102747
1437,0.00011855125865459169
1438,0.00011845411279719465
1439,0.00011835731636761961
1440,0.00011826053035774918
1441,0.00011816397306810317
1442,0.00011806753573347227
1443,0.00011797126096918649
1444,0.0001178751413681076
1445,0.00011777915091323173
1446,0.00011768331658475252
1447,0.00011758767344048969
1448,0.00011749216987020111
1449,0.00011739680423870532
1450,0.0001173015755997345
1451,0.00011720653711986398
1452,0.00011711163304668258
1453,0.00011701688329922916
1454,0.00011692227204226463
1455,0.00011682781068413477
1456,0.00011673350961480619
1457,0.00011663934680927464
1458,0.00011654534027849821
1459,0.00011645145582732356
1460,0.00011635777506511015
1461,0.00011626420839437163
1462,0.0001161707459192439
1463,0.00011607752549531269
1464,0.00011598437118530644
1465,0.00011589137036025477
1466,0.00011579855832208665
1467,0.00011570590819347406
1468,0.00011561337855210365
1469,0.00011552098862069872
1470,0.0001154287175978484
1471,0.00011533662536060229
1472,0.00011524467156027283
1473,0.0001151528506031245
1474,0.00011506119099212782
1475,0.00011496965279267551
1476,0.00011487826569609992
1477,0.00011478702430531907
1478,0.0001146959146262584
1479,0.00011460494181443841
1480,0.0001145141472870794
1481,0.00011442347263341935
1482,0.00011433293922614075
1483,0.00011424253686386732
1484,0.0001141522448525894
1485,0.00011406216749433269
1486,0.00011397219114634395
1487,0.00011388232065924597
1488,0.00011379264458844304
1489,0.00011370309134050197
1490,0.00011361367064068365
1491,0.0001135243728517108
1492,0.0001134352444630184
1493,0.000113346147594876
1494,0.00011325734048050963
1495,0.00011316863090047701
1496,0.00011308001918166684
1497,0.00011299156801850257
1498,0.00011290324538962347
1499,0.00011281503744351926
1500,0.00011272699280782955
1501,0.00011263906204469092
1502,0.00011255127432311625
1503,0.00011246364221751217
1504,0.00011237611654904046
1505,0.0001122886459227199
1506,0.00011220144505485699
1507,0.00011211436269700176
1508,0.00011202737101469472
1509,0.00011194052167070974
1510,0.00011185376700207205
1511,0.00011176720888621155
1512,0.00011168074897390075
1513,0.0001115944199082657
1514,0.00011150822833416863
1515,0.00011142217056125669
1516,0.00011133623045797874
1517,0.00011125038538106454
1518,0.00011116475102082552
1519,0.00011107917041343191
1520,0.00011099378928707114
1521,0.0001109084918007141
1522,0.00011082333330736141
1523,0.00011073830146192938
1524,0.00011065339784999682
1525,0.0001105686174731043
1526,0.00011048396671232393
1527,0.00011039943332668302
1528,0.00011031504956514453
1529,0.0001102307997515495
1530,0.0001101466506181894
1531,0.00011006259748349775
1532,0.00010997875138395015
1533,0.00010989498769709133
1534,0.00010981134874824516
1535,0.00010972784348385625
1536,0.00010964444149442012
1537,0.00010956118445628077
1538,0.00010947801544370741
1539,0.00010939502408075489
1540,0.00010931213730316085
1541,0.00010922936549748146
1542,0.00010914669475084938
1543,0.00010906419486316476
1544,0.00010898178870902347
1545,0.00010889946776373516
1546,0.00010881733557145598
1547,0.00010873530011736557
1548,0.00010865339837127095
1549,0.00010857160730738475
1550,0.00010848993501441852
1551,0.00010840838146186047
1552,0.00010832692363347311
1553,0.0001082456192882988
1554,0.00010816443481457714
1555,0.00010808334735528615
1556,0.00010800240599237367
1557,0.00010792153088250109
1558,0.00010784085603700568
1559,0.00010776019925726634
1560,0.00010767977766133542
1561,0.0001075994258731478
1562,0.00010751918168973049
1563,0.00010743905698903251
1564,0.00010735902279306946
1565,0.00010727915503593894
1566,0.0001071993532387424
1567,0.00010711971740979549
1568,0.00010704017819840535
1569,0.00010696072985647284
1570,0.00010688141813383315
1571,0.0001068022371817464
1572,0.00010672309824376833
1573,0.00010664417898295677
1574,0.00010656534008269195
1575,0.00010648658998236478
1576,0.00010640797185465361
1577,0.00010632946369917329
1578,0.00010625107480093313
1579,0.00010617279489352845
1580,0.0001060946269185504
1581,0.00010601655876618183
1582,0.00010593862834640152
1583,0.00010586078849493839
1584,0.00010578307051666617
1585,0.00010570546128105669
1586,0.00010562797746052591
1587,0.00010555057063461717
1588,0.00010547332244309966
1589,0.0001053961641904549
1590,0.00010531911542231354
1591,0.00010524217148850464
1592,0.0001051653382869538
1593,0.00010508862409012702
1594,0.00010501200950055588
1595,0.0001049355144076083
1596,0.00010485912203480855
1597,0.000104782824889583
1598,0.00010470666434934645
1599,0.00010463058682273883
1600,0.00010455464978317743
1601,0.00010447880454930142
1602,0.0001044030680936259
1603,0.00010432743549990272
1604,0.00010425190485678046
1605,0.00010417649746870196
1606,0.00010410118341732047
1607,0.00010402598433514113
1608,0.00010395086609259137
1609,0.00010387588981824391
1610,0.00010380101541795248
1611,0.00010372622832020225
1612,0.00010365156790128905
1613,0.00010357699670369585
1614,0.00010350254321045787
1615,0.00010342817820763753
1616,0.00010335392652521397
1617,0.00010327979232770542
1618,0.00010320574009191379
1619,0.00010313181315688013
1620,0.00010305797956201807
1621,0.00010298423882813412
1622,0.00010291059296710584
1623,0.00010283707341003946
1624,0.0001027636812769152
1625,0.00010269035937623098
1626,0.00010261714716220473
1627,0.0001025439779957527
1628,0.00010247103001659018
1629,0.00010239809674048122
1630,0.00010232529300863029
1631,0.00010225260880103368
1632,0.00010217998723507831
1633,0.00010210749870800861
1634,0.00010203509688265454
1635,0.00010196279629960339
1636,0.00010189058776940558
1637,0.00010181847889544394
1638,0.00010174648049643515
1639,0.000101674614199744
1640,0.0001016027819825186
1641,0.00010153110812220984
1642,0.00010145950865587154
1643,0.00010138800232359097
1644,0.0001013165846900371
1645,0.00010124529522643193
1646,0.00010117410833037171
1647,0.00010110299723609895
1648,0.00010103198980373079
1649,0.00010096107635508458
1650,0.00010089025198448579
1651,0.00010081953441691377
1652,0.00010074893505021455
1653,0.00010067841571174975
1654,0.00010060798435663956
1655,0.00010053765885403146
1656,0.00010046743353390411
1657,0.0001003972967563559
1658,0.00010032726142845513
1659,0.00010025730360475989
1660,0.00010018746913979714
1661,0.00010011772049756451
1662,0.00010004806568114619
1663,9.997850783992907e-05
